状態,銘柄名,銘柄コード,市場,口座区分,取引区分,執行条件,売買,発注数,値段,トリガー,予約値段,受付日時,有効期間,益出し幅(返済予約の執行条件),損切り幅(返済予約の執行条件),有効期間,状態,約定数,約定単価,約定時間
約定済,フジクラ,5803,東証,特定,返済(一日),-,売,100,5842,-,-,26/04/16 10:10,当日,-,-,-,-,100,5848,10:10
約定済,フジクラ,5803,東証,特定,返済(一日),-,売,100,5832,-,-,26/04/16 10:08,当日,-,-,-,-,100,5834,10:08
約定済,フジクラ,5803,東証,特定,返済(一日),-,売,100,5832,-,-,26/04/16 10:08,当日,-,-,-,-,100,5834,10:08
約定済,フジクラ,5803,東証,特定,返済(一日),-,売,100,5832,-,-,26/04/16 10:08,当日,-,-,-,-,100,5836,10:08
取消済,フジクラ,5803,東証,特定,返済(一日),逆指(-),売,100,－,5788,成行,26/04/16 10:07,当日,-,-,-,-,-,-,-
取消済,フジクラ,5803,東証,特定,返済(一日),逆指(-),売,100,－,5787,成行,26/04/16 10:07,当日,-,-,-,-,-,-,-
取消済,フジクラ,5803,東証,特定,返済(一日),逆指(-),売,100,－,5786,成行,26/04/16 10:07,当日,-,-,-,-,-,-,-
約定済,フジクラ,5803,東証,特定,新規(一日),-,買,100,5803,-,-,26/04/16 10:07,当日,-,-,-,-,100,5803,10:07
約定済,フジクラ,5803,東証,特定,新規(一日),-,買,100,5801,-,-,26/04/16 10:07,当日,-,-,-,-,100,5801,10:07
約定済,フジクラ,5803,東証,特定,新規(一日),-,買,100,5800,-,-,26/04/16 10:07,当日,-,-,-,-,100,5800,10:07
約定済,アドテスト,6857,東証,特定,返済(一日),逆指(-),売,100,成行,27910,成行,26/04/16 10:04,当日,-,-,-,-,100,27910,10:06
約定済,アドテスト,6857,東証,特定,新規(一日),-,買,100,27955,-,-,26/04/16 10:03,当日,-,-,-,-,100,27955,10:03
取消済,フジクラ,5803,東証,特定,返済(一日),逆指(-),売,100,－,5757,成行,26/04/16 10:03,当日,-,-,-,-,-,-,-
約定済,フジクラ,5803,東証,特定,新規(一日),-,買,100,5794,-,-,26/04/16 10:01,当日,-,-,-,-,100,5791,10:01
約定済,アドテスト,6857,東証,特定,返済(一日),逆指(-),売,100,成行,27940,成行,26/04/16 09:56,当日,-,-,-,-,100,27935,10:03
約定済,アドテスト,6857,東証,特定,新規(一日),-,買,100,28015,-,-,26/04/16 09:55,当日,-,-,-,-,100,28010,09:55
約定済,サンリオ,8136,東証,特定,返済(一日),-,売,100,1062,-,-,26/04/16 09:47,当日,-,-,-,-,100,1067.5,09:47
約定済,サンリオ,8136,東証,特定,返済(一日),-,売,100,1063,-,-,26/04/16 09:47,当日,-,-,-,-,100,1067.5,09:47
約定済,サンリオ,8136,東証,特定,返済(一日),-,売,100,1064,-,-,26/04/16 09:47,当日,-,-,-,-,100,1067,09:47
約定済,サンリオ,8136,東証,特定,返済(一日),-,売,100,1064,-,-,26/04/16 09:47,当日,-,-,-,-,100,1067,09:47
約定済,サンリオ,8136,東証,特定,返済(一日),-,売,100,1064,-,-,26/04/16 09:47,当日,-,-,-,-,100,1067,09:47
約定済,サンリオ,8136,東証,特定,新規(一日),-,買,100,1072.5,-,-,26/04/16 09:45,当日,-,-,-,-,100,1071,09:45
約定済,サンリオ,8136,東証,特定,新規(一日),-,買,100,1073,-,-,26/04/16 09:42,当日,-,-,-,-,100,1072.5,09:42
約定済,サンリオ,8136,東証,特定,新規(一日),-,買,100,1074.5,-,-,26/04/16 09:42,当日,-,-,-,-,100,1073,09:42
約定済,サンリオ,8136,東証,特定,新規(一日),-,買,100,1074.5,-,-,26/04/16 09:41,当日,-,-,-,-,100,1073.5,09:41
約定済,サンリオ,8136,東証,特定,新規(一日),-,買,100,1074.5,-,-,26/04/16 09:41,当日,-,-,-,-,100,1073.5,09:41
約定済,アドテスト,6857,東証,特定,返済(一日),逆指(-),売,100,成行,28025,成行,26/04/16 09:39,当日,-,-,-,-,100,28030,09:54
約定済,アドテスト,6857,東証,特定,新規(一日),-,買,100,28030,-,-,26/04/16 09:39,当日,-,-,-,-,100,28030,09:39
約定済,キオクシア,285A,東証,特定,返済(一日),-,売,100,32140,-,-,26/04/16 09:37,当日,-,-,-,-,100,32210,09:37
約定済,キオクシア,285A,東証,特定,新規(一日),-,買,100,32250,-,-,26/04/16 09:35,当日,-,-,-,-,100,32200,09:35
約定済,キオクシア,285A,東証,特定,返済(一日),逆指(-),売,100,成行,32200,成行,26/04/16 09:33,当日,-,-,-,-,100,32210,09:34
約定済,キオクシア,285A,東証,特定,新規(一日),-,買,100,32220,-,-,26/04/16 09:32,当日,-,-,-,-,100,32200,09:32
約定済,サンリオ,8136,東証,特定,返済(一日),-,売,100,1062,-,-,26/04/16 09:30,当日,-,-,-,-,100,1062.5,09:30
約定済,サンリオ,8136,東証,特定,返済(一日),-,売,100,1062.5,-,-,26/04/16 09:30,当日,-,-,-,-,100,1063.5,09:30
約定済,サンリオ,8136,東証,特定,返済(一日),-,売,100,1062.5,-,-,26/04/16 09:30,当日,-,-,-,-,100,1063.5,09:30
約定済,サンリオ,8136,東証,特定,返済(一日),-,売,100,1062.5,-,-,26/04/16 09:30,当日,-,-,-,-,100,1063.5,09:30
約定済,サンリオ,8136,東証,特定,新規(一日),-,買,100,1069.5,-,-,26/04/16 09:29,当日,-,-,-,-,100,1068.5,09:29
約定済,サンリオ,8136,東証,特定,新規(一日),-,買,100,1071,-,-,26/04/16 09:27,当日,-,-,-,-,100,1069.5,09:27
約定済,サンリオ,8136,東証,特定,新規(一日),-,買,100,1070,-,-,26/04/16 09:27,当日,-,-,-,-,100,1070,09:27
約定済,サンリオ,8136,東証,特定,新規(一日),-,買,100,1070,-,-,26/04/16 09:27,当日,-,-,-,-,100,1069,09:27
約定済,ＳＢＧ,9984,東証,特定,返済(一日),-,買,100,4568,-,-,26/04/16 09:24,当日,-,-,-,-,100,4565,09:24
約定済,ＳＢＧ,9984,東証,特定,返済(一日),-,買,100,4573,-,-,26/04/16 09:24,当日,-,-,-,-,100,4567,09:24
約定済,ＳＢＧ,9984,東証,特定,新規(一日),-,売,100,4563,-,-,26/04/16 09:23,当日,-,-,-,-,100,4570,09:23
約定済,ＳＢＧ,9984,東証,特定,新規(一日),-,売,100,4555,-,-,26/04/16 09:23,当日,-,-,-,-,100,4568,09:23
約定済,アドテスト,6857,東証,特定,返済(一日),-,売,100,28005,-,-,26/04/16 09:23,当日,-,-,-,-,100,28040,09:23
約定済,アドテスト,6857,東証,特定,新規(一日),-,買,100,28110,-,-,26/04/16 09:22,当日,-,-,-,-,100,28070,09:22
約定済,キオクシア,285A,東証,特定,返済(一日),-,売,100,32680,-,-,26/04/16 09:20,当日,-,-,-,-,100,32770,09:20
約定済,キオクシア,285A,東証,特定,新規(一日),-,買,100,32940,-,-,26/04/16 09:19,当日,-,-,-,-,100,32930,09:19
約定済,キオクシア,285A,東証,特定,返済(一日),-,買,100,33420,-,-,26/04/16 09:15,当日,-,-,-,-,100,33030,09:15
約定済,キオクシア,285A,東証,特定,新規(一日),-,売,100,33120,-,-,26/04/16 09:14,当日,-,-,-,-,100,33150,09:14
取消済,野村日経平均,1321,東証,特定,新規(一日),-,買,1,61000,-,-,26/04/16 08:25,当日,-,-,-,-,-,-,-